[
	{
		"uid": 0,
		"players": 0,
		"plid": [],
		"time": 1579865686547
	},
	{
		"uid": 1,
		"players": 0,
		"plid": [],
		"time": 1579866153319
	},
	{
		"uid": 2,
		"players": 0,
		"plid": [],
		"time": 1579866722167
	},
	{
		"uid": 3,
		"players": 0,
		"plid": [
			{
				"uid": 0,
				"hod": 2,
				"str": 60,
				"vit": 60
			},
			{
				"uid": 1,
				"hod": 1,
				"str": 60,
				"vit": -21
			}
		],
		"time": 1579867133053
	},
	{
		"uid": 4,
		"players": 0,
		"plid": [],
		"time": 1579868081310
	},
	{
		"uid": 5,
		"players": 0,
		"plid": [],
		"time": 1579868566476
	},
	{
		"uid": 6,
		"players": 0,
		"plid": [],
		"time": 1579868914538
	},
	{
		"uid": 7,
		"players": 0,
		"plid": [],
		"time": 1579870643000
	},
	{
		"uid": 8,
		"players": 0,
		"plid": [],
		"time": 1579871860320
	},
	{
		"uid": 9,
		"players": 0,
		"plid": [],
		"time": 1579880136102
	},
	{
		"uid": 10,
		"players": 2,
		"plid": [
			{
				"uid": 1,
				"hod": 2,
				"str": 50,
				"vit": 3860
			},
			{
				"uid": 0,
				"hod": 0,
				"str": 50,
				"vit": 4000
			}
		],
		"time": 1579880643447
	}
]